step,return_mean,return_std_lower,return_std_upper,cost_mean,cost_std_lower,cost_std_upper
1,-0.5340403263987665,-1.1404559065910318,0.07237525379349874,22.0,0.8182468462436603,43.18175315375634
400,-0.4144886925633375,-0.9925055959818772,0.16352821085520214,16.5,0.0,34.50449018069288
800,-1.0709729068097027,-2.0782226629837712,-0.06372315063563394,25.041666666666664,0.0,51.09350639429114
1200,-1.245603763571566,-2.361535027924826,-0.12967249921830581,44.53125,0.9604505958699718,88.10204940413003
1600,-3.1355644016168287,-5.854816214805916,-0.41631258842774166,33.731770833333336,0.0,71.04979303931847
2000,-2.967379552373654,-5.828324407114002,-0.10643469763330593,25.382161458333332,0.0,57.17319101153936
2400,-2.1252866560392354,-4.591306072937119,0.3407327608586481,24.369954427083332,0.0,55.91781294690236
2800,-2.136989757380538,-4.673525592714633,0.3995460779535569,18.360799153645832,0.0,45.247189573610655
3200,-1.417600632636722,-3.65797510569209,0.8227738404186462,32.020599365234375,0.0,70.35966973018986
3600,-0.8641979843540544,-2.868230190065347,1.1398342213572386,25.26544952392578,0.0,58.91431950591777
4000,-0.8218730838363603,-3.0088571887641526,1.3651110210914323,30.949087142944336,0.0,69.7329642767238
4400,-0.4775991689470607,-2.4144657765998647,1.4592674387057434,23.295148690541584,0.0,56.33215493237279
4800,-0.30078833165047625,-2.0418684034785866,1.4402917401776338,19.888028184572857,0.0,50.020093155570365
5200,-0.08431520214661486,-1.5973113597465542,1.4286809554533244,14.916021138429642,0.0,40.52827636377752
5600,-0.5843057723863269,-2.5663207310346055,1.3977091862619515,23.270349187155567,0.0,55.29381445590621
6000,-0.4820951825528351,-2.259043580426473,1.2948532153208028,17.452761890366673,0.0,44.67270736880472
6400,-0.5638785768626863,-2.2970155176105673,1.169258363885195,13.089571417775005,0.0,36.226525074447345
6800,-0.4260364419897532,-1.983543786847925,1.131470902868419,9.817178563331254,0.0,29.483589171502743
7200,-0.2757611844494272,-1.7213063058864257,1.1697839369875713,7.36288392249844,0.0,24.079332939444207
7600,-0.10062470148207343,-1.4092495429989405,1.2080001400347937,5.52216294187383,0.0,19.73114460627773
8000,0.0673864122984392,-1.0631845282151986,1.1979573528120768,4.141622206405373,0.0,16.219256621148688
8400,0.3694834357590117,-0.671471694952851,1.4104385664708745,9.939549988137362,0.0,26.00381484639887
8800,0.44286695088439054,-0.4612560149246545,1.3469899166934356,7.454662491103021,0.0,21.109287620625302
9200,0.43661396226506244,-0.38008882300576985,1.2533167475358948,5.590996868327266,0.0,17.197428228421206
9600,0.5632995940809535,-0.20902299186989048,1.3356221800317976,4.193247651245449,0.0,14.058714307325296
10000,0.567961469675125,-0.11292026750763673,1.2488432068578867,3.1449357384340866,0.0,11.530582396101956
10400,0.619279177696184,0.034018160681130394,1.2045401947112375,2.358701803825565,0.0,9.486501462843254
10800,0.6662161838820275,0.12296805026975155,1.2094643174943034,1.7690263528691739,0.0,7.827656063034209
11200,0.6448872960969875,0.11624925494482108,1.1735253372491539,1.3267697646518803,0.0,6.47660501829216
11600,0.5849221016329492,0.12435014630097563,1.0454940569649227,0.9950773234889103,0.0,5.372437289083148
12000,0.6447095399270614,0.2261877886600021,1.0632312911941206,0.7463079926166827,0.0,4.467063963371785
12400,0.7075719300429424,0.32718807992895654,1.0879557801569282,0.559730994462512,0.0,3.7223735696043487
12800,0.7977975673929949,0.4005992818638944,1.1949958529220954,10.919798245846884,0.5595249454496702,21.2800715462441
13200,1.0227819261001112,0.5063466168571655,1.5392172353430569,11.439848684385163,0.0,23.003797436350332
13600,1.1259140261498803,0.5517489532743448,1.700079099025416,11.913219846622207,0.0,24.571003410538786
14000,1.0550237688331725,0.5094797285777534,1.6005678090885915,8.934914884966656,0.0,19.69403091429575
14400,1.0580972266126112,0.5828375754148647,1.5333568778103577,29.61785283039166,6.970197012668489,52.26550864811483
14800,1.0330486231304095,0.5420030565542693,1.5240941897065496,22.213389622793745,2.9628821777290497,41.46389706785844
15200,1.0206572150709072,0.5439190839674867,1.497395346174328,19.99337555042864,0.8020170973774583,39.184734003479825
15600,0.9073310442830006,0.399727465306977,1.414934623259024,19.328364996154814,1.0779280735536965,37.57880191875593
16000,0.9246698585548899,0.46446051945528394,1.3848791976544959,41.66294041378278,6.195620903903205,77.13025992366235
16400,0.9719763356863209,0.5039799294893734,1.4399727418832684,31.580538643670415,1.1504743477981592,62.01060293954267
16800,1.2547568866812284,0.6952628971697415,1.8142508761927152,34.93540398275281,4.293344332834195,65.57746363267142
17200,1.4285437675032222,0.7694279666857361,2.087659568320708,30.20155298706461,2.441159464685562,57.961946509443656
17600,1.2996213435835027,0.7172866392995215,1.881956047867484,22.651164740298455,0.0,46.24749923432064
18000,1.2540042167565821,0.7349983434806503,1.773010090032514,19.571706888557173,0.0,41.82062223015433
18400,1.4893694262074697,0.88308912051614,2.095649731898799,15.095446833084546,0.0,34.360578264035404
18800,1.3378659381466544,0.7440652886404991,1.9316665876528099,11.32158512481341,0.0,27.696946841121637
19200,1.3490107268875584,0.8025207267907054,1.8955007269844115,21.407855510276725,0.0,46.07563382326829
19600,1.3072045488588033,0.8155184068213641,1.7988906908962425,20.97255829937421,0.0,45.11113186455863
20000,1.5225688858174569,0.8704996086379144,2.1746381629969993,16.896085391197325,0.0,38.40382241526525
20400,1.3716561879288338,0.7308960786554517,2.0124162972022157,13.005397376731327,0.0,31.569816559663682
20800,1.2369525776354353,0.592161784387473,1.8817433708833975,30.504048032548496,0.0,63.89076318958603
21200,1.4307185703365999,0.6978819698247261,2.1635551708484737,23.961369357744704,0.0,53.25931605676912
21600,1.3965056634442212,0.6640583584932706,2.128952968395172,24.637693684975197,0.0,55.19780262863833
22000,1.3879407297285595,0.7158976242614785,2.0599838351956405,20.144936930398064,0.0,46.98126205921599
22400,1.5124691103142918,0.7680531846421218,2.256885035986462,23.85870269779855,0.0,54.09420025975253
22800,1.596496789577256,0.7817937130950662,2.411199866059446,21.977360356682244,0.0,51.142356512157214
23200,1.5399034753814302,0.8342663859698487,2.2455405647930116,31.31635360084502,0.1747290654111282,62.45797813627891
23600,1.6559964763920405,0.9122500542351334,2.3997428985489475,39.3205985339671,2.8033276127631623,75.83786945517105
24000,1.7356051446363376,0.9092193646101971,2.561990924662478,36.32378223380866,0.0,73.1617381225617
24400,1.8406632959341351,1.013827036022671,2.667499555845599,28.826170008689825,0.0,61.48193539838435
24800,1.95258933006637,1.1077149449585182,2.7974637151742217,29.786294173184032,0.0,64.47334121005255
25200,1.777621441116578,0.9805242830783804,2.574718599154776,23.423053963221356,0.0,53.18988665703421
25600,1.849147696191947,1.0195016455195358,2.6787937468643586,17.56729047241602,0.0,42.869098262156946
26000,1.73756968482201,0.9895379703115557,2.485601399332464,13.175467854312014,0.0,34.6820044755918
26400,1.9201149451001243,1.1395792484710279,2.7006506417292204,13.88160089073401,0.0,35.34649368443996
26800,1.732517446093242,0.9489522939608935,2.5160825982255903,22.66120066805051,0.0,46.16421081484587
27200,1.6338506024168067,0.9233443936592209,2.3443568111743924,16.99590050103788,0.0,36.97345912581394
27600,1.5540738984947002,0.9456151202917078,2.1625326766976927,22.24692537577841,1.0874840615635257,43.40636668999329
28000,1.5100733398105153,0.9199375920051478,2.100209087615883,31.268527365167145,0.908633577319911,61.62842115301438
28400,1.6475617208895423,0.920429744097765,2.3746936976813195,25.70139552387536,0.0,53.108866981350204
28800,1.7971397416790227,1.052783472966684,2.541496010391361,23.192713309573186,0.0,48.517610325936886
29200,1.8163019543270764,1.1150787743405146,2.5175251343136384,19.727868315513224,0.0,43.2339297667447
29600,1.853698913714614,1.122981380944363,2.584416446484865,27.879234569968254,0.9965465704873573,54.761922569449155
30000,1.950979092886198,1.2202505057990334,2.681707679973363,24.659425927476192,0.0,50.69169124237442
30400,1.904316452821198,1.1971278247727917,2.6115050808696045,18.494569445607144,0.0,40.62199496327064
30800,1.8839980459369212,1.216621323821423,2.5513747680524195,16.87092708420536,0.0,38.224823186490894
31200,1.9669858411275492,1.2154140343350883,2.7185576479200098,12.653195313154018,0.0,30.804007000096725
31600,1.9418315810136333,1.1350832958337773,2.7485798661934893,26.739896484865515,0.0,56.80519678932835
32000,1.8642780160002437,1.0965203042676737,2.6320357277328137,20.221589030315805,0.0,45.918515645346524
32400,1.7378626606687793,1.0040354188676426,2.471689902469916,31.666191772736852,0.0,66.87794736860728
32800,1.7657022166799201,1.0991797262328882,2.4322247071269523,23.916310496219307,0.0,53.98772410894648
33200,1.694636787610856,0.8489954369923569,2.540278138229355,18.77056620549781,0.0,45.03837455750245
33600,1.7094168884414784,0.9290979205754901,2.4897358563074667,14.077924654123358,0.0,36.405561753327305
34000,1.6997873393090217,0.9827732229071717,2.4168014557108717,12.308443490592518,0.0,32.77185926540762
34400,1.7161243130775599,1.0278502686558821,2.404398357499238,9.731332617944389,0.0,27.549500095249154
34800,1.867766470876946,1.126639053760821,2.6088938879930708,9.965166130124958,0.0,27.37335018563096
35200,2.0305134423326936,1.2525868406293845,2.8084400440360024,7.473874597593719,0.0,22.27083104477382
35600,2.0834823615666145,1.2825132862017659,2.884451436931463,5.772072614861956,0.0,18.49090695120235
36000,2.197258951489313,1.3703701376669835,3.024147765311642,8.245721127813134,0.0,22.380132185279244
36400,2.233242126088366,1.4233444693609594,3.043139782815773,6.1842908458598504,0.0,18.19854024470604
36800,2.1531242011948093,1.299909121133638,3.006339281255981,4.638218134394888,0.0,14.85033012341415
37200,1.9442707462121929,1.1956274422176474,2.6929140502067384,14.978663600796166,0.0,33.417032371836896
37600,1.9760275759997783,1.2039578698824949,2.7480972821170617,11.233997700597124,0.0,26.906611155981743
38000,2.1694259711025734,1.3623699778988847,2.976481964306262,10.34216494211451,0.0,25.290231975920495
38400,2.089230507821595,1.3565629078672246,2.821898107775966,7.7566237065858825,0.0,20.46248068532097
38800,2.0558949506649964,1.2692205414902245,2.8425693598397683,8.650801113272745,0.0,21.85494260123183
39200,0.20293521929552982,-2.00595095637826,2.4118213949693197,18.154767501621226,0.0,39.27778270299811
39600,0.7152522573510778,-1.2632378181546584,2.693742332856814,13.949408959549254,0.0,32.18681459319423
40000,1.123600088545623,-0.6928043040772294,2.9400044811684753,12.712056719661941,0.0,29.316121892512598
40400,1.3870650209369728,-0.2819570525268935,3.056087094400839,10.034042539746455,0.0,24.571762005381444
40800,1.5430093900151514,-0.017249517709584827,3.1032682977398878,7.525531904809841,0.0,19.88259345059958
41200,1.7026796312564603,0.25534667646984244,3.1500125860430783,5.644148928607381,0.0,16.14765124252866
41600,1.8636048675467398,0.5048075177711782,3.2224022173223013,4.233111696455536,0.0,13.161088663288622
42000,1.9185168887476616,0.6101505108431644,3.226883266652159,3.174833772341652,0.0,10.763614194149774
42400,2.033980586285671,0.7363735003225105,3.331587672248831,2.7144586625895726,0.0,9.447764733601096
42800,2.1316084739066636,0.8951397447674379,3.3680772030458894,2.0358439969421793,0.0,7.759154157301974
43200,2.123540810482086,0.9135049920597782,3.333576628904394,1.5268829977066345,0.0,6.391696634012459
43600,2.0463146235108605,0.9092009411147437,3.1834283059069772,3.145162248279976,0.0,8.977310113987642
44000,2.2119987699583645,1.045347008612445,3.378650531304284,2.358871686209982,0.0,7.316197372061498
44400,2.3377455227091573,1.2446199917300316,3.430871053688283,27.102487097990817,1.3927141169459816,52.81226007903565
44800,2.450651447013911,1.4040768173863987,3.4972260766414234,21.160198656826445,0.0,43.720612471901106
45200,2.6035879621598834,1.6076315547133833,3.5995443696063836,17.0368156592865,0.0,36.829608802396855
45600,2.533201360598635,1.572814425740861,3.493588295456409,12.777611744464874,0.0,29.601485916108675
46000,2.5195762441468252,1.6075636113401552,3.4315888769534952,11.99987547501532,0.0,28.350778186353537
46400,2.716513456101103,1.765980662084105,3.6670462501181014,8.99990660626149,0.0,22.898173910898976
46800,2.7681357345711533,1.8104494366339776,3.725822032508329,7.333263288029451,0.0,19.641765243801895
47200,2.6985072759386752,1.7837551293687222,3.6132594225086283,10.666614132688755,0.0,25.51290283845193
47600,2.8576095563465973,2.04990580712749,3.6653133055657046,7.999960599516566,0.0,20.619305999415264
48000,2.7067608989538368,1.9007752534339941,3.5127465444736794,5.999970449637424,0.0,16.72641403955132
48400,2.6542125855366043,1.8612852495144492,3.4471399215587595,4.833311170561402,0.0,14.233630934462829
48800,2.5631628186985664,1.7592203797041488,3.367105257692984,3.624983377921051,0.0,11.615255177237264
49200,2.6936251771075765,1.8866601446496374,3.500590209565516,4.302070866774121,0.0,12.437304780447343
49600,2.726709129147512,1.9450422754650907,3.508375982829933,3.226553150080591,0.0,10.141501976702829
50000,2.6843029368725553,1.8438847321911669,3.5247211415539437,2.503248195893777,0.0,8.451665376641333
50400,2.7627810536790967,1.9546640189798894,3.570898088378304,23.544102813587,9.275185323607435,37.81302030356656
50800,2.5698465619900914,1.7189884420007435,3.4207046819794393,26.491410443523584,7.183345915869236,45.79947497117793
51200,2.5757228508489702,1.7229102898440405,3.4285354118539,22.70189116597602,3.991123530955292,41.412658800996745
51600,2.4109013435301687,1.6303758626223006,3.191426824438037,40.10975170781535,4.6187413791803635,75.60076203645033
52000,2.495772614553337,1.6919094589724208,3.2996357701342536,31.08231378086151,0.2668809316809906,61.897746630042036
52400,2.634529729932227,1.9188692270038998,3.3501902328605535,23.395068668979466,0.0,49.65889726890156
52800,2.6126380580745687,1.8908862174021437,3.334389898746994,18.0463015017346,0.0,40.79481988038031
53200,2.719349948937432,1.984786759743176,3.453913138131688,13.53472612630095,0.0,32.8709667481498
53600,2.893424492135602,2.152362484496992,3.634486499774212,22.067711261392375,0.0,48.61514276093153
54000,2.808025387389994,2.0950522612555047,3.5209985135244835,17.384116779377614,0.0,40.656540335172444
54400,2.889466658389516,2.1836671917330737,3.595266125045958,14.121420917866544,0.0,34.822219755834666
54800,2.8418251492052944,2.1642589582010254,3.5193913402095633,11.591065688399908,0.0,29.747993308688898
55200,2.885200406304667,2.178863061480784,3.5915377511285502,8.693299266299931,0.0,24.126687743545574
55600,2.9104941851416557,2.17577430951745,3.6452140607658614,6.519974449724948,0.0,19.638354655383743
56000,2.9634135694825656,2.1959749316047943,3.730852207360337,4.889980837293711,0.0,16.040604012103685
56400,2.816744687094383,2.060756985282457,3.572732388906309,7.750818961303617,0.0,19.89061499073333
56800,2.8348958185417796,2.0727410184354835,3.5970506186480757,6.22978088764438,0.0,16.90216090325291
57200,2.861234177635216,2.1305291326976814,3.5919392225727504,5.339002332399952,0.0,14.97621077061644
57600,2.7462987558930028,2.0093704614011934,3.483227050384812,4.004251749299964,0.0,12.19587892178398
58000,2.8562826194819344,2.072423721307148,3.640141517656721,7.336522145308306,0.0,17.97636050408977
58400,2.789804845471963,2.0342400140623833,3.5453696768815424,5.502391608981229,0.0,14.54625421394547
58800,2.908227583103888,2.1150538864420003,3.7014012797657756,5.210127040069255,0.0,13.361091179063646
59200,2.9859425684611414,2.169558865106162,3.8023262718161206,3.9075952800519413,0.0,10.835914798197173
59600,3.0770949083531676,2.2378498138067835,3.9163400028995516,4.0973631267056225,0.0,10.976384210790235
60000,3.12407035586737,2.2694706409271674,3.9786700708075724,3.0730223450292167,0.0,8.920190266501137
60400,2.9860435584305485,2.190089607988194,3.781997508872903,8.638100092105246,0.0,18.98220436237414
60800,3.0631336617882083,2.2517808052700365,3.87448651830638,6.811908402412267,0.0,15.887239744615446
61200,3.1307585915704665,2.3033973707961337,3.9581198123447994,5.1089313018092,0.0,12.822962942681901
61600,3.196799186913713,2.3624255523878293,4.031172821439597,3.8316984763569,0.0,10.388625371098696
62000,3.208079067374136,2.33176313765012,4.084394997098152,3.123773857267675,0.0,8.909293752154166
62400,3.1968483136017523,2.350184355022754,4.043512272180751,2.342830392950756,0.0,7.260522303604274
62800,2.988059030158606,2.1311759280377753,3.844942132279437,2.1737894613797337,0.0,6.707380976028498
63200,3.0454280252177854,2.1680867775959562,3.9227692728396146,2.7970087627014673,0.0,7.640511043814083
63600,3.111002674182292,2.3350901780065563,3.8869151703580274,4.014423238692768,0.0,9.75774577436755
64000,3.1592006564704596,2.339027756057072,3.9793735568838473,3.2608174290195757,0.0,8.2651160714823
64400,3.3756300816345703,2.6048294391088187,4.1464307241603215,2.445613071764682,0.0,6.699266917857997
64800,3.278582222209888,2.4699481889473063,4.08721625547247,2.2508764704901782,0.0,6.22003563026277
65200,3.3945520412804338,2.6333064935564985,4.155797589004369,1.6881573528676337,0.0,5.061942638674337
65600,3.290136083532422,2.49521027356996,4.085061893494883,2.4327846813173917,0.0,6.290451667914256
66000,3.375842191199759,2.6637138306182164,4.087970551781302,2.1579218443213772,0.0,5.71978149540333
66400,3.1681379057297705,2.409920529846464,3.926355281613077,1.618441383241033,0.0,4.646022086660693
66800,3.0610016338211112,2.2359538728276807,3.886049394814542,1.2138310374307748,0.0,3.7872746353374858
67200,2.822626465197581,1.9461362488442484,3.6991166815509136,0.9937066114064145,0.0,3.2518443477457732
67600,3.0315658733274864,2.219468423829927,3.8436633228250456,0.7452799585548109,0.0,2.664697034443266
68000,3.3029154994626007,2.5342285253373227,4.071602473587879,1.8922933022494415,0.0,4.655168666653104
68400,3.2530946683555637,2.4642738733013716,4.041915463409756,1.419219976687081,0.0,3.7676640364301943
68800,3.4078651547734626,2.676047091221,4.139683218325925,2.231081649181977,0.0,5.014659887364805
69200,3.5625410828194557,2.870496464518915,4.254585701119996,1.6733112368864829,0.0,4.039352739341886
69600,3.458980392971626,2.698753973964177,4.219206811979075,5.671650094331529,0.0,11.430451311707325
70000,3.4185201401892518,2.6623990240156137,4.174641256362889,4.253737570748647,0.0,9.148718605518074
70400,3.6175121734640117,2.9179408873903085,4.317083459537715,3.190303178061485,0.0,7.351037057615497
70800,3.4866856275497318,2.801575272268153,4.171795982831311,2.392727383546114,0.0,5.929351181167024
71200,3.5738786585273457,2.9434235967477296,4.204333720306962,1.7945455376595854,0.0,4.800675765637359
71600,3.6341379418985538,2.9881815084571115,4.280094375339996,1.345909153244689,0.0,3.9011198470257966
72000,3.511972517899304,2.8444287593467448,4.179516276451863,1.0094318649335168,0.0,3.1813609546474577
72400,3.631200561676602,2.9982002638192498,4.264200859533954,1.1737405653668043,0.0,3.3734336822169277
72800,3.497487560784299,2.8646242037780167,4.130350917790581,0.8803054240251031,0.0,2.750044573347708
73200,3.2405436173037736,2.5823728409333233,3.898714393674224,0.6602290680188274,0.0,2.2495073449430416
73600,3.3167592180979675,2.745803830996982,3.887714605198953,1.1618384676807871,0.0,3.0784104280156077
74000,3.425583743439935,2.9100058967126365,3.9411615901672334,1.788045517427257,0.0,4.194949143017057
74400,3.418753204325883,2.814153896941888,4.023352511709878,4.507700804737109,0.4706019478117911,8.544799661662427
74800,3.387620900798263,2.703881399491929,4.071360402104597,11.964108936886166,2.18001636882447,21.748201504947865
75200,3.530885413191391,2.9003778234415747,4.161393002941207,8.973081702664626,0.6566030198121844,17.289560385517067
75600,3.6526230578470447,3.055982065433514,4.249264050260575,6.729811276998469,0.0,13.798818157423044
76000,3.837399348057203,3.218138151169174,4.456660544945232,9.71402512441552,0.0,19.682478947421075
76400,3.854460948197377,3.2541790668556554,4.454742829539099,7.285518843311639,0.0,15.75870459286636
76800,3.8805840029034795,3.2986032204553073,4.462564785351652,5.464139132483729,0.0,12.666347019605242
77200,3.8648037025873205,3.335150058112984,4.394457347061658,4.18143768269613,0.0,10.37402506486807
77600,3.946959113785087,3.456951567146712,4.436966660423462,3.1360782620220973,0.0,8.399777536868246
78000,3.995627236533551,3.4764243833883333,4.514830089678768,2.852058696516573,0.0,7.7504671488477275
78400,3.7786044524284996,3.189973051872527,4.367235852984472,2.13904402238743,0.0,6.302691206868912
78800,3.9263607050126295,3.302446712166522,4.550274697858737,1.6042830167905724,0.0,5.143383123599832
79200,3.9816587953645834,3.395512030192998,4.5678055605361685,2.8698789292595963,0.0,7.292327582420562
79600,3.976465215172131,3.4126011547334145,4.540329275610847,2.1524091969446975,0.0,5.911490552131518
80000,3.9948019266772645,3.4570190305698825,4.532584822784647,1.614306897708523,0.0,4.80952604961732
80400,3.7881911152800387,3.188102839620502,4.388279390939576,1.2107301732813922,0.0,3.92666645240387
80800,3.8435698458354217,3.2477651135019463,4.439374578168897,0.9080476299610442,0.0,3.21659346721515
81200,3.805914575347362,3.154689848541742,4.457139302152982,0.6810357224707831,0.0,2.6432996841367733
81600,3.9329480840528426,3.248267481589164,4.617628686516522,0.5107767918530873,0.0,2.178701159269179
82000,3.9512675256035505,3.2983094568835885,4.604225594323513,0.38308259388981547,0.0,1.8008183061934933
82400,4.005066955200084,3.391275127266417,4.61885878313375,0.2873119454173616,0.0,1.4923873008754878
82800,3.9762500237086913,3.392949970778808,4.559550076638574,0.2154839590630212,0.0,1.2397980112024283
83200,3.780969745569258,3.1663372835784336,4.395602207560083,0.1616129692972659,0.0,1.032279913615762
83600,3.8341527211894673,3.284621729722628,4.383683712656307,0.12120972697294943,0.0,0.8612766296436711
84000,3.958770513526596,3.351920535950557,4.565620491102634,0.09090729522971208,0.0,0.7199641624998255
84400,3.7656689466991624,3.1467703897256794,4.3845675036726455,0.06818047142228406,0.0,0.6028788086018806
84800,3.676339415034639,3.0371357860719996,4.315543043997279,0.13446868690004637,0.0,0.6596729516213582
85200,3.726789217227015,3.1337159306955944,4.3198625037584355,1.1008515151750349,0.0,2.395803277612007
85600,3.6606878078907115,3.1077568722739963,4.213618743507427,0.8256386363812762,0.0,1.9263476344527026
86000,3.54613084928778,2.9129161877632503,4.179345510812309,1.2858956439526237,0.0,2.7871837172625744
86400,3.0265906541678373,2.033755910067958,4.019425398267717,0.9644217329644678,0.0,2.2405165952779256
86800,2.9470900570550955,1.9962470319624772,3.8979330821477136,0.7233162997233509,0.0,1.80799693268979
87200,3.226813527331581,2.3411456566529143,4.112481398010248,0.5424872247925132,0.0,1.4644657628139863
87600,3.283411842664337,2.3431246384259263,4.223699046902748,0.7401987519277182,0.0,1.8067232217205895
88000,3.470330095448424,2.5953436630734172,4.345316527823431,0.5551490639457887,0.0,1.461694863269729
88400,3.6897389121578392,2.814899936222634,4.564577888093044,0.4163617979593415,0.0,1.186925727384691
88800,3.6766848602033515,2.923329335670629,4.430040384736074,0.3122713484695061,0.0,0.9672506884810531
89200,3.6793301827201708,3.0292856329865367,4.329374732453805,0.4842035113521296,0.0,1.2530679847179087
89600,3.7607507675976155,3.1389029432474302,4.382598591947801,0.5298193001807638,0.0,1.3247754587789857
90000,3.809959744848774,3.220116377416177,4.399803112281371,0.3973644751355729,0.0,1.0730772099440615
90400,3.6318038582829426,2.9863615048781016,4.277246211687784,0.29802335635167965,0.0,0.8723791809388949
90800,3.6647680136716727,3.0635303764622916,4.266005650881054,0.22351751726375974,0.0,0.7117199681628927
91200,3.4208362833322674,2.7834105773227207,4.058261989341814,0.4176381379478198,0.0,1.044742255568047
91600,3.6509115941218893,3.0768291883674337,4.224993999876345,0.9798952701275314,0.0,2.078619195053963
92000,3.7562718061954863,3.1993222657111957,4.313221346679777,0.7349214525956486,0.0,1.668836788783115
92400,3.7978614679626714,3.278838326290627,4.316884609634716,0.5511910894467364,0.0,1.345019125206083
92800,3.6154973182204007,3.018958091380584,4.212036545060218,0.41339331708505234,0.0,1.088147147480497
93200,3.709647735220474,3.1269534036348934,4.2923420668060555,0.31004498781378925,0.0,0.883585743649917
93600,3.8421416466940723,3.2984745622821787,4.385808731105966,0.23253374086034195,0.0,0.7200433833210507
94000,3.8303179059976387,3.341008638449821,4.319627173545457,0.17440030564525646,0.0,0.5887835017368588
94400,3.864325468084694,3.407496415658957,4.321154520510431,0.13080022923394236,0.0,0.48302594591180437
94800,3.903566897881223,3.4382724864258996,4.3688613093365465,0.09810017192545677,0.0,0.3974920311016395
95200,3.9967680933344774,3.4854887590429873,4.508047427625967,0.07357512894409257,0.0,0.3280582092438479
95600,4.066725803890149,3.6118327734880524,4.521618834292246,0.13851468004140277,0.0,0.4255359764148495
96000,4.106241608234752,3.6774855868410365,4.534997629628468,0.10388601003105208,0.0,0.3478541119484818
96400,4.057466647298436,3.6449928697056015,4.46994042489127,0.07791450752328906,0.0,0.28528739415310433
96800,4.025187492798549,3.6194303330209023,4.430944652576196,0.0584358806424668,0.0,0.23470283427780977
97200,4.060892286966463,3.6517774389713895,4.470007134961536,0.0438269104818501,0.0,0.1936538210718916
97600,4.024039852618188,3.6174712526016632,4.430608452634712,0.03287018286138757,0.0,0.16022305686292287
98000,3.679389106276983,3.111838156185541,4.246940056368425,2.7746526371460405,0.3329503163291285,5.2163549579629525
98400,3.7887725335654263,3.239845188603105,4.337699878527747,2.414322811192864,0.056033126023869784,4.772612496361858
98800,3.8388946198340346,3.318797439368065,4.358991800300004,1.8107421083946478,0.0,3.8152883407882925
99200,3.8285618805869657,3.3291467069207,4.327977054253231,1.358056581295986,0.0,3.061920878830584
99600,4.022446940840506,3.427290449650659,4.617603432030354,1.0185424359719895,0.0,2.4668270888763977
100000,4.006482272621717,3.4513336929871032,4.561630852256331,1.5972401603123254,0.0,3.53538889646762
100400,4.020414492954241,3.4847086705804413,4.55612031532804,1.197930120234244,0.0,2.8453565459662444
100800,4.037945909096767,3.513592869818538,4.5622989483749965,0.898447590175683,0.0,2.298760052047883
101200,4.035797747056341,3.525424261315925,4.546171232796757,0.6738356926317622,0.0,1.8641012852231325
101600,4.054587161385769,3.6173776922112606,4.491796630560279,0.5053767694738217,0.0,1.517102523176486
102000,4.046696564424067,3.614187277377013,4.4792058514711215,0.3790325771053663,0.0,1.238999467752631
102400,4.040226384063034,3.593964940237556,4.486487827888513,0.28427443282902476,0.0,1.0152462898791998
102800,4.041836530265809,3.6020487976038513,4.481624262927767,0.21320582462176857,0.0,0.8345319031144174
103200,4.044418797510345,3.602811635237578,4.486025959783112,0.15990436846632644,0.0,0.6880315351850779
103600,4.040842552717157,3.597713891175533,4.483971214258781,0.11992827634974483,0.0,0.5688363680606836
104000,4.041205096041744,3.6223002661773673,4.460109925906121,0.08994620726230862,0.0,0.47151808521660654
104400,4.095253616800847,3.7124161887474774,4.478091044854217,0.06745965544673146,0.0,0.3917957517078847
104800,4.044943038647525,3.6085567598756194,4.481329317419431,0.13392807491838193,0.0,0.48032443485901694
105200,4.072370250130379,3.6448223261540873,4.4999181741066705,0.10044605618878645,0.0,0.3948829621383262
105600,3.844134721039997,3.3458969367573914,4.3423725053226025,0.07533454214158984,0.0,0.3256059121986986
106000,3.946802553925716,3.4604186352854582,4.433186472565973,0.3065009066061924,0.0,0.7313636055106991
106400,4.015380777196613,3.5551471583229373,4.47561439607029,0.3132090132879776,0.0,0.7450529854754632
106800,3.8706879260877853,3.3593910900101234,4.381984762165447,0.4849067599659832,0.0,1.0641061706813102
107200,3.998680699686835,3.503339530602797,4.494021868770873,0.36368006997448743,0.0,0.8559995690825153
107600,4.061407658169668,3.57933137591131,4.543483940428026,0.27276005248086554,0.0,0.6912316267226892
108000,4.072756507069944,3.611137013131043,4.534376001008845,0.20457003936064916,0.0,0.5602708774661993
108400,4.052428577757439,3.468049988392519,4.636807167122359,0.15342752952048688,0.0,0.4557732419102045
108800,4.142710212537734,3.5198407693357416,4.765579655739726,0.11507064714036516,0.0,0.37206450267162516
109200,4.240346439269303,3.603734269937208,4.876958608601399,0.08630298535527386,0.0,0.3047477625568448
109600,4.022081366736458,3.3083944641045147,4.735768269368402,0.0647272390164554,0.0,0.25040529963779073
110000,4.021734014746779,3.3438601403503623,4.699607889143196,0.04854542926234155,0.0,0.20637178079047658
110400,4.156937693888715,3.460374266855144,4.853501120922285,0.03640907194675616,0.0,0.1705614707456709
110800,4.127922033974139,3.4609804787038514,4.794863589244427,0.02730680396006712,0.0,0.14133634293914465
111200,4.075958073279539,3.1627225273718294,4.989193619187248,0.02048010297005034,0.0,0.11740521110226623
111600,4.07603816133638,3.2460812161216515,4.905995106551109,0.015360077227537754,0.0,0.09774641913992127
112000,3.9971475838593222,3.059153357935134,4.93514180978351,1.42818672458732,0.15607680594466333,2.7002966432299766
112400,4.032997764364415,3.178854205503078,4.887141323225753,1.07114004344049,0.0,2.1524334742867484
112800,4.029930556180325,3.239275812107518,4.820585300253132,0.8033550325803676,0.0,1.7224544487996871
113200,4.000725222513747,3.2616488681482037,4.739801576879291,0.9358496077686089,0.0,1.9999268240296495
113600,4.044662869375779,3.3583722881292517,4.730953450622307,0.8685538724931233,0.0,1.9144408625523175
114000,4.0867248734700325,3.456296582231664,4.717153164708401,0.7347487377031758,0.0,1.6944633573721455
114400,4.216221160326145,3.5804778743804224,4.851964446271868,0.5510615532773819,0.0,1.366818979996006
114800,4.214561378454413,3.6173755863914288,4.811747170517398,0.41329616495803645,0.0,1.106689977668867
115200,4.328723259839334,3.7179954048043853,4.9394511148742835,0.30997212371852734,0.0,0.8993568645227333
115600,4.016393779226911,3.3813679941132793,4.651419564340544,0.2324790927888955,0.0,0.7334561224724705
116000,4.065767605203578,3.469851089530652,4.6616841208765045,0.1743593195916716,0.0,0.6001897948227104
116400,4.140790618057407,3.5712859006449,4.710295335469914,0.1307694896937537,0.0,0.4927253936401367
116800,4.017121555857677,3.4300432220286217,4.604199889686732,0.18141045060364863,0.0,0.5597836470767289
117200,4.084092251087935,3.5179873327519227,4.650197169423948,0.13605783795273646,0.0,0.45767505495485467
117600,3.899966928699318,3.3471762575391586,4.452757599859477,0.10204337846455235,0.0,0.37541801291635285
118000,3.7928794095061082,3.1889549054894877,4.396803913522729,0.07653253384841426,0.0,0.3089009731324447
118400,3.913458367480013,3.350004509894729,4.476912225065297,0.057399400386310695,0.0,0.2549125737777366
118800,4.066492529000727,3.4597385245990075,4.6732465334024464,0.04304955028973302,0.0,0.210935747672445
119200,4.2371829503442475,3.619445912580369,4.854919988108127,0.03228716271729977,0.0,0.17499043049260493
119600,4.1608752334358945,3.6135925372344895,4.7081579296372995,2.4408820387046415,0.2689745956546439,4.612789481754639
120000,4.035986083714764,3.5465527132286465,4.525419454200882,1.8306615290284811,0.0,3.6767828556209787
120400,4.022614368069001,3.5400646857771436,4.505164050360858,1.372996146771361,0.0,2.942199274374984
120800,4.05140256368713,3.5770932813183243,4.525711846055937,1.0297471100785207,0.0,2.3635697685416
121200,4.079449983457831,3.603208805652651,4.555691161263011,1.1889769992255572,0.0,2.6762796495124483
121600,4.183626250982775,3.7272880651097755,4.6399644368557755,0.8917327494191679,0.0,2.1559400021630255
122000,4.29762107849299,3.8853416225950212,4.709900534390959,0.668799562064376,0.0,1.7433757268966548
122400,4.33025614886788,3.8744182629815755,4.786094034754185,0.501599671548282,0.0,1.4149894116557191
122800,4.301983846176649,3.86722076323164,4.736746929121657,0.3761997536612115,0.0,1.152581032752533
123200,4.293791208852967,3.8697622246864225,4.717820193019511,0.4488164819125753,0.0,1.250161925377508
123600,4.110578927621414,3.560831150799227,4.6603267044436,0.33661236143443146,0.0,1.0177559883796243
124000,4.106130850559874,3.316880581526336,4.895381119593413,0.2524592710758236,0.0,0.8314313539792375
124400,4.2203342521951,3.436275086602554,5.004393417787646,0.18934445330686772,0.0,0.6814707237747695
124800,4.187216221044291,3.4690428826268844,4.905389559461697,0.14200833998015078,0.0,0.5603156698778673
125200,4.142402219536064,3.4719385678035515,4.812865871268576,0.10650625498511308,0.0,0.46206748539817205
125600,4.175063064388845,3.5957094018493487,4.7544167269283415,0.16321302457216813,0.0,0.536150748541923
126000,4.153973700225738,3.603952680390745,4.703994720060732,0.1224097684291261,0.0,0.4394068338034177
126400,4.016406343879921,3.3650516138359365,4.667761073923906,0.7584739929885111,0.0,1.5936069235058972
126800,4.081037429915423,3.4642809149320053,4.69779394489884,0.5688554947413833,0.0,1.2787184856811615
127200,4.033226164799971,3.441280185539092,4.6251721440608495,0.4266416210560375,0.0,1.030025163354849
127600,4.0927592195174896,3.520396555866469,4.66512188316851,0.3199812157920281,0.0,0.8328572267460178
128000,4.368008685909326,3.719480448569504,5.016536923249149,0.23998591184402107,0.0,0.6759305211549123
128400,4.353955297196583,3.683300632029379,5.024609962363787,4.429989433883016,0.4531919319173654,8.406786935848666
128800,4.5017759933270485,3.804796992828291,5.198754993825806,3.3224920754122618,0.0,6.702769952083065
129200,4.470786839422484,3.7503353564880904,5.191238322356877,8.741869056559196,0.5653320024899067,16.918406110628485
129600,4.157075555643969,3.380118015671498,4.93403309561644,6.556401792419397,0.0,13.506458288378292
130000,4.1433903158644085,3.4201909496668694,4.866589682061948,4.917301344314548,0.0,10.824849365879608
130400,4.123418486866748,3.453602590037253,4.793234383696243,3.6879760082359105,0.0,8.709391826566211
130800,4.3475871271969195,3.627347092339277,5.067827162054562,2.765982006176933,0.0,7.034185451757689
131200,4.116066944637013,3.3387496930855796,4.893384196188447,2.0744865046326995,0.0,5.702459433376342
131600,4.330952546091099,3.525007098744074,5.136897993438125,1.5558648784745246,0.0,4.6396418679066205
132000,4.313315519756613,3.5677979297448474,5.058833109768378,1.1668986588558934,0.0,3.788109099873175
132400,4.419585790322815,3.6518599740920448,5.187311606553585,0.8751739941419201,0.0,3.1032028690066094
132800,4.25213773198978,3.418775596591293,5.085499867388267,1.2397138289397733,0.0,3.6285131194053424
133200,4.288488781473271,3.4782382086057657,5.098739354340776,0.92978537170483,0.0,2.9602647686005636
133600,4.356015752335949,3.338174732842141,5.373856771829757,0.9473390287786225,0.0,2.88537855049596
134000,4.330044081483783,3.3965200194060357,5.263568143561531,0.7105042715839669,0.0,2.357837865043704
134400,4.374140764622185,3.496937889657753,5.251343639586617,0.5328782036879751,0.0,1.9331117581287516
134800,4.4469486806803005,3.585283554221283,5.308613807139318,0.39965865276598134,0.0,1.5898571740406413
135200,4.339298383179284,3.5102074291434526,5.168389337215116,0.299743989574486,0.0,1.311412732657947
135600,4.4357124879720455,3.6432075662493277,5.228217409694763,0.2248079921808645,0.0,1.0847264238018064
136000,4.4216030517854215,3.711145684455438,5.132060419115406,0.2519393274689817,0.0,1.0535806724654369
136400,4.202544688547767,3.3460913139848913,5.058998063110643,0.18895449560173627,0.0,0.8703496388487232
136800,4.085255646022946,3.289642697916698,4.880868594129195,0.1417158717013022,0.0,0.720901743461241
137200,4.133885009480368,3.2291458680006464,5.038624150960089,0.8562869037759766,0.0,1.8824488073734904
137600,4.169576800542983,3.336207734672257,5.002945866413709,0.7255485111653158,0.0,1.6684968073418571
138000,4.175015710151083,3.41190772735896,4.938123692943206,0.6274947167073203,0.0,1.4997114465760353
138400,4.168257847884363,3.4714807650995576,4.865034930669169,0.4706210375304902,0.0,1.2120052579188978
138800,4.234529498244859,3.527692823392986,4.941366173096732,0.35296577814786767,0.0,0.9831423654780141
139200,4.411742406000115,3.687790876786199,5.1356939352140305,0.26472433361090075,0.0,0.8003744328415252
139600,4.433935073490928,3.708868278109651,5.159001868872205,0.19854325020817556,0.0,0.6538458345542063
140000,4.536893461396133,3.772575176687747,5.301211746104519,0.232240770989465,0.0,0.689958645802246
140400,4.244733942036369,3.420383662764722,5.069084221308016,1.257513911575432,0.0,2.5658129207088076
140800,4.301095283193917,3.4910785507812236,5.1111120156066105,0.9431354336815739,0.0,2.055189591444943
141200,4.414488959644322,3.621467381856994,5.2075105374316495,0.7073515752611804,0.0,1.6525976093600443
141600,4.028828056252076,2.9952940191346276,5.062362093369524,0.947180348112552,0.0,2.10419286768986
142000,4.261684941837119,3.225572628645278,5.297797255028961,0.710385261084414,0.0,1.6938459027251258
142400,4.222173653042839,3.0342573839964695,5.410089922089209,0.5327889458133105,0.0,1.3687304912079155
142800,4.2375881446965415,3.178514717580804,5.29666157181228,0.3995917093599829,0.0,1.110142022945397
143200,3.9988322564946333,2.934076098951325,5.063588414037941,0.2996937820199872,0.0,0.9036615485675893
143600,4.1245200053697095,3.189415420117833,5.059624590621586,0.2247703365149904,0.0,0.7381429380804521
144000,4.1669326064008585,3.2908863085332505,5.042978904268466,0.2519110857195761,0.0,0.7589884751688732
144400,4.35179794345293,3.4632717488105307,5.24032413809533,0.6889333142896821,0.0,1.4439861302419779
144800,4.428017180546664,3.5158854502347334,5.340148910858595,0.7666999857172616,0.0,1.6206269136326772
145200,4.394491055742576,3.5574804651806673,5.231501646304485,0.5750249892879462,0.0,1.3008628780160494
145600,4.547622548067214,3.628331964101267,5.466913132033162,0.43126874196595966,0.0,1.0482309473848472
146000,4.344283277135024,3.5289722855804166,5.159594268689632,0.32345155647446977,0.0,0.8478694310805243
146400,4.376415652222471,3.493408054789495,5.259423249655447,0.24258866735585233,0.0,0.6883438607709986
146800,4.319964080013449,3.5022541312590607,5.1376740287678375,0.18194150051688923,0.0,0.5608334149197636
147200,4.3663313805179005,3.5774124080920995,5.1552503529437015,0.46978945872100025,0.0,1.0746902984380626
147600,4.309668277480162,3.573448882787204,5.045887672173119,0.3523420940407502,0.0,0.866507807800253
148000,4.444229179161954,3.6674981536251576,5.22096020469875,0.2642565705305626,0.0,0.7012974272261401
148400,4.408433830536427,3.677897758145342,5.138969902927512,0.19819242789792196,0.0,0.5696771560891628
148800,4.323517981986407,3.6437233721188664,5.0033125918539465,0.1486443209234415,0.0,0.4644063398859962
149200,4.50415397175019,3.6419815112423874,5.366326432257993,0.27814990735924777,0.0,0.6879689797147288
149600,4.456713487215341,3.689944201392407,5.223482773038274,0.20861243051943584,0.0,0.5569586420215948
150000,4.2116445199511885,3.290658610660886,5.132630429241491,0.15645932288957687,0.0,0.452553602666412
150400,4.257977868975208,3.3035005392639385,5.212455198686476,0.11734449216718265,0.0,0.3690246299774925
150800,4.33888461817592,3.435018260026942,5.242750976324899,0.42134170245872027,0.06599222908264735,0.7766911758347932
151200,4.342655130935889,3.5265002273250614,5.158810034546717,0.6493396101773735,0.0644498453330925,1.2342293750216546
151600,4.314094267714499,3.5692807803092093,5.058907755119789,1.0703380409663636,0.07820699401814146,2.062469087914586
152000,4.3831360699351265,3.6200794089140484,5.146192730956205,0.8027535307247727,0.0,1.6460649206307616
152400,4.324737215943619,3.472297338175229,5.17717709371201,0.935398481376913,0.0,1.9350558752716225
152800,4.421831977740798,3.566912155155706,5.27675180032589,0.7015488610326848,0.0,1.551257645843188
153200,4.33990387292371,3.546248476009893,5.1335592698375265,4.44282831244118,1.0085655208881281,7.877091103994232
153600,4.672971880699323,3.759377080417472,5.586566680981173,4.248787900997552,0.5518470688722554,7.9457287331228486
154000,4.7402862421136165,3.777899335635424,5.702673148591809,13.186590925748163,1.5589098442030895,24.814272007293237
154400,4.602665335147738,3.7278095033779204,5.477521166917556,9.889943194311122,0.006414274997810665,19.773472113624436
154800,4.458534327407903,3.47681412305987,5.440254531755936,7.417457395733342,0.0,15.818456977149657
155200,4.5171767637110065,3.564477222549873,5.46987630487214,5.563093046800006,0.0,12.703942691003874
155600,4.470792689854367,3.596116713326521,5.345468666382213,4.1723197851000045,0.0,10.242041982673292
156000,4.429747799901903,3.6361149620890423,5.223380637714763,3.8792398388250033,0.0,9.67489980983019
156400,4.45779905855695,3.6799194327000198,5.23567868441388,2.9094298791187523,0.0,7.83574085447316
156800,4.496401248373338,3.7204741576715272,5.27232833907515,2.682072409339064,0.0,7.081568772746275
157200,4.410386032158884,3.6988322312029633,5.121939833114806,2.178220973670965,0.0,6.059214238804404
157600,4.477039844019329,3.7555390948295067,5.198540593209151,1.9669990635865569,0.0,5.548686051424599
158000,4.533684593742145,3.8550068564345903,5.2123623310497,1.6419159643565844,0.0,4.827771260256229
158400,4.684603960401945,3.9535469012398927,5.415661019563997,1.4814369732674382,0.0,4.401546009138102
158800,4.652338746619414,3.98372059153835,5.320956901700478,1.1110777299505785,0.0,3.593170410440642
159200,4.4547199390958045,3.7897930705470104,5.119646807644599,0.8333082974629339,0.0,2.943087075879488
159600,4.34009536198946,3.718228714499771,4.96196200947915,0.6249812230972004,0.0,2.418293184751271
160000,4.479993763247439,3.792663637863427,5.167323888631451,0.4687359173229003,0.0,1.9930510847288603
160400,4.692024054696102,3.930002185700957,5.454045923691247,0.3515519379921752,0.0,1.6472198302872412
160800,4.72523153219916,3.977240363519275,5.473222700879046,0.2636639534941314,0.0,1.3649816619449375
161200,4.643912497151381,3.9324141742433865,5.355410820059375,0.19774796512059856,0.0,1.1338680173037838
161600,4.559825565448231,3.8929659151960214,5.226685215700441,0.14831097384044892,0.0,0.9440130181961562
162000,4.638833675167946,4.010983261730204,5.266684088605689,0.19456656371367004,0.0,0.9416239795346759
162400,4.749848578485941,4.156411661204163,5.343285495767719,0.39592492278525254,0.0,1.2430557605890717
162800,4.735225919264927,4.1261729703724175,5.344278868157437,1.3802770254222727,0.0,3.019577053098031
163200,4.900584964306589,4.066122883105504,5.735047045507673,9.035207769066705,0.8535776461514537,17.216837891981957
163600,4.742447657549945,3.9635287499618057,5.521366565138083,6.776405826800029,0.0,13.730791431277993
164000,4.677497099674269,3.980672202893246,5.374321996455292,5.3323043701000215,0.0,11.455664168262256
164400,4.769222767711398,4.09889057182071,5.4395549636020855,3.999228277575016,0.0,9.204084106012914
164800,4.657105286891565,4.005063641442467,5.3091469323406635,3.249421208181262,0.0,7.885680696709441
165200,4.764870668376403,4.0118291058879505,5.517912230864856,2.4370659061359463,0.0,6.3778864713848975
165600,4.841297718602588,4.0943652345262525,5.588230202678924,1.8277994296019597,0.0,5.177496910063568
166000,4.943714624277814,4.134086480368338,5.753342768187291,1.3708495722014697,0.0,4.218092430593837
166400,4.6034140152021585,3.7343607985502167,5.4724672318541,12.028137179151102,0.2741712378551604,23.782103120447044
166800,4.766880298127104,3.924243623228857,5.60951697302535,9.521102884363327,0.0,19.756922908743192
167200,4.7964199392088185,3.970507255729293,5.6223326226883445,7.140827163272495,0.0,15.841274183995381
167600,4.716086695122732,3.993053754782124,5.4391196354633395,5.355620372454371,0.0,12.751000340068824
168000,4.5460137036535,3.8815668384903,5.2104605688167,4.1833819460074455,0.0,10.61087627471704
168400,4.4798382443123685,3.686324855077974,5.2733516335467625,3.137536459505584,0.0,8.60090663890874
168800,4.379295946419472,3.651114672242044,5.107477220596899,2.353152344629188,0.0,6.99701699712187
169200,4.353701148413672,3.5258473811977193,5.181554915629624,1.764864258471891,0.0,5.712149213090671
169600,4.488696560274748,3.6602632366354966,5.317129883914,1.3236481938539182,0.0,4.67884040527988
170000,4.819394141543661,3.937973737381508,5.700814545705814,0.9927361453904386,0.0,3.8446495251025063
170400,4.855272200588786,4.001488358227033,5.709056042950539,0.744552109042829,0.0,3.1686784817980866
170800,4.9666819615996705,4.054647587587077,5.878716335612264,0.5584140817821217,0.0,2.6189214986240907
171200,4.9201911463815895,3.9850203492468026,5.855361943516376,0.4188105613365913,0.0,2.170241865652265
171600,4.697294701650052,3.8232811929672383,5.571308210332866,0.4807745876691101,0.0,2.110912552574742
172000,4.828103179961417,3.9913390789906042,5.66486728093223,0.36058094075183256,0.0,1.7461982109216196
172400,4.906229362526253,4.128614753966506,5.6838439710860005,0.2704357055638744,0.0,1.4482103852081933
172800,4.943369836807054,4.106233002101184,5.780506671512925,0.2028267791729058,0.0,1.2039352568705768
173200,5.182309827382748,4.373066934110792,5.991552720654704,0.15212008437967936,0.0,1.0030622904226998
173600,5.047112587146656,4.306696523936229,5.787528650357083,0.11409006328475951,0.0,0.8373909384213267
174000,5.083215928773028,4.390994482537476,5.775437375008581,0.08556754746356963,0.0,0.7003732913296518
174400,4.981891872647267,4.321825772805195,5.641957972489339,0.06417566059767722,0.0,0.5867605428838469
174800,4.993846323198297,4.331105405470023,5.656587240926571,0.04813174544825792,0.0,0.4923288953915022
175200,5.4195038311368595,4.719035119674553,6.119972542599166,0.03609880908619344,0.0,0.41366638653795107
175600,5.25713487963505,4.509229749076413,6.005040010193687,0.027074106814645078,0.0,0.34800654764863903
176000,5.18293423380214,4.474165108090097,5.891703359514183,0.02030558011098381,0.0,0.29309815481987866
176400,5.10222045353455,4.234365216291403,5.970075690777698,0.015229185083237857,0.0,0.24710287358579847
176800,5.016692405939244,4.122808228561148,5.91057658331734,0.011421888812428393,0.0,0.2085145240396049
177200,4.924902112515738,4.1546622206806925,5.695142004350784,0.008566416609321295,0.0,0.1760951565524213
177600,4.886408429715188,4.1416351342966,5.631181725133777,0.006424812456990971,0.0,0.148824241408626
178000,4.952220932986318,4.2361348646870916,5.6683070012855445,0.0048186093427432285,0.0,0.12585812395163298
178400,5.033057313694317,4.324784799552253,5.741329827836381,0.5036139570070575,0.0,1.0307616131365425
178800,4.9777851535049145,4.294557552429751,5.661012754580078,0.3777104677552931,0.0,0.8257859754653553
179200,4.638075130592158,3.7221366962215785,5.554013564962737,0.2832828508164698,0.0,0.6641470323700227
179600,4.554999095890846,3.632428892239237,5.477569299542455,0.21246213811235237,0.0,0.5361966924328723
180000,4.601456536736738,3.6907640772948307,5.512148996178646,0.15934660358426428,0.0,0.4345209747567062
180400,4.834454308230427,3.878143292405544,5.79076532405531,0.11950995268819821,0.0,0.35340816818477383
180800,4.6113357291779735,3.596508408089112,5.626163050266835,0.08963246451614866,0.0,0.28844594768823795
181200,4.712361763303612,3.745109060182817,5.679614466424407,0.0672243483871115,0.0,0.23621580908338738
181600,4.924861566559012,4.0085429705747355,5.841180162543289,0.050418261290333624,0.0,0.1940610028821681
182000,5.139361446828494,4.208913782699731,6.069809110957258,0.03781369596775022,0.0,0.15991002632080953
182400,5.097236458179597,4.192535445657839,6.001937470701355,0.028360271975812666,0.0,0.13214215277591307
182800,5.0638598875576175,4.211649166836333,5.916070608278902,0.10460353731519283,0.0,0.2635288141139329
183200,4.911566246008551,4.13640454327679,5.6867279487403115,0.07845265298639462,0.0,0.2135391382653237
183600,4.763696215709393,4.056615018138734,5.470777413280052,0.05883948973979596,0.0,0.1736630022268857
184000,4.665733957923704,4.014249541373694,5.317218374473715,0.4607962839715137,0.009642907764213615,0.9119496601788137
184400,4.680859238428091,4.032394266286801,5.329324210569382,0.5955972129786353,0.0,1.1912096171108046
184800,4.725337948358086,4.110883138923263,5.3397927577929085,0.5300312430673099,0.0,1.1070124646983084
185200,4.837549166071345,4.113080319091877,5.562018013050813,0.39752343230048237,0.0,0.8879574706868312
185600,4.716680219734159,3.8436602817425163,5.589700157725802,0.3814759075586951,0.0,0.8690555183057463
186000,4.723514210464412,3.8727789767585787,5.5742494441702455,0.2861069306690213,0.0,0.7005495998040149
186400,4.679215914452566,3.904737029635699,5.453694799269433,0.21458019800176598,0.0,0.5668564667665105
186800,4.668720519918651,3.899710674398655,5.437730365438647,0.16093514850132448,0.0,0.4603699769513573
187200,4.858034669031201,4.110506398858483,5.605562939203919,0.12070136137599335,0.0,0.37522096555852125
187600,4.877858407815687,4.133312787186433,5.622404028444941,0.42385935436532834,0.0,0.923043730395096
188000,4.91725459172665,4.181422919412958,5.653086264040342,0.31789451577399624,0.0,0.7422012353992988
188400,4.907444484356982,4.209949499482437,5.604939469231527,0.3217542201638305,0.0,0.7531256099639925
188800,4.829718299277162,4.230653171203377,5.428783427350947,0.24131566512287286,0.0,0.6079813464530105
189200,4.94729437714084,4.3750048568620725,5.519583897419607,0.18098674884215465,0.0,0.4926525779727717
189600,5.022249240852959,4.4531886244255,5.591309857280419,0.135740061631616,0.0,0.4006560163926405
190000,4.9950178698633,4.402164633359296,5.587871106367305,0.101805046223712,0.0,0.3269836077705828
190400,4.993422783625959,4.3094217722336765,5.677423795018241,0.076353784667784,0.0,0.2677555619826242
190800,4.8914257561146135,4.182043700012347,5.60080781221688,0.057265338500838,0.0,0.21995684921845216
191200,4.561890591913016,3.802051064201254,5.321730119624778,0.0429490038756285,0.0,0.18123678798560053
191600,4.663440299431626,3.917914473253453,5.4089661256097985,0.032211752906721375,0.0,0.1497563694001976
192000,4.80225734541361,4.103708447870167,5.500806242957053,0.02415881468004103,0.0,0.12407173869949581
192400,4.756688383934888,3.879462397053852,5.633914370815924,1.5181191110100307,0.1604009194577085,2.8758373025623527
192800,4.731032618244852,3.9068629182241783,5.5552023182655255,1.138589333257523,0.0,2.292649796076997
193200,4.788133475773863,4.012353263475331,5.563913688072395,0.8539419999431422,0.0,1.8348933933396951
193600,4.675062057283354,3.9458479745211257,5.404276140045582,0.6404564999573567,0.0,1.4742651843444265
194000,4.591445876480433,3.9452687508431565,5.237623002117711,0.48034237496801746,0.0,1.1890797566970268
194400,4.782261289795674,4.151446811077787,5.41307576851356,0.3602567812260131,0.0,0.9626835556956711
194800,4.636235535845201,3.9320576226458224,5.34041344904458,0.27019258591950984,0.0,0.782255344218719
195200,4.783304298257748,4.109984049989508,5.456624546525987,0.2026444394396324,0.0,0.6378977839939602
195600,4.709915242515374,3.9680835839680304,5.451746901062717,0.1519833295797243,0.0,0.5219486724509029
196000,4.80679062239228,4.133182477122575,5.480398767661986,0.11398749718479323,0.0,0.4284580386252951
196400,4.617331710305145,3.8137429754854946,5.420920445124796,0.08549062288859492,0.0,0.3527905831130215
196800,4.518515235096553,3.7067906519791127,5.330239818213992,0.06411796716644619,0.0,0.2913229333572088
197200,4.760644590469192,4.055660789646798,5.4656283912915855,0.04808847537483464,0.0,0.24121269663698286
197600,4.49161416897139,3.6819377161721816,5.301290621770598,2.4527330231977924,0.23796776968397815,4.667498276711607
198000,4.305810722159089,3.4649670939008903,5.146654350417288,1.8395497673983443,0.0,3.7221002328850865
198400,4.020612445041835,3.018794447035244,5.022430443048426,1.3796623255487583,0.0,2.979830221212489
198800,4.245116752960894,3.3078320005635096,5.182401505358278,1.0347467441615688,0.0,2.39488945547574
199200,4.47449854248305,3.560753001549968,5.388244083416132,0.7760600581211765,0.0,1.9321813627382218
199600,4.635153218186212,3.771080597781786,5.499225838590638,0.6653783769242158,0.0,1.718792163967359
200000,4.372998896001138,3.4520229563690332,5.293974835633243,2.4990337826931617,0.0,5.091491776527548
